Mix_ID	Cement_kg_m3	PET_kg_m3	Fine_Aggregate_kg_m3	RHA_kg_m3	Coarse_Aggregate_kg_m3	Water_kg_m3	Superplasticizer_kg_m3	CS_MPa	STS_MPa	FS_MPa	WA_Percent	MoE_GPa	RCPT_Coulombs	
M0	400	0	600	0	1200	160	4	67.45	3.475	5.448	0.855	41.06	1150	
M1	380	20	540	60	1200	160	4	64.62	3.655	5.656	0.737	40.19	1110	
M2	370	30	540	60	1200	160	4	68.73	3.732	5.757	0.687	41.45	1018	
M3	360	40	540	60	1200	160	4	71.9	3.846	5.865	0.627	42.4	990	
M4	380	20	525	75	1200	160	4	76.27	3.946	5.913	0.565	43.67	970	
M5	370	30	525	75	1200	160	4	80.56	4.124	6.115	0.447	44.88	950	
M6	360	40	525	75	1200	160	4	78.45	4.088	6.036	0.537	44.29	970	
M7	380	20	510	90	1200	160	4	76.21	3.858	5.856	0.685	43.65	1070	
M8	370	30	510	90	1200	160	4	73.62	3.765	5.715	0.848	42.9	1160	
M9	360	40	510	90	1200	160	4	68.45	3.652	5.665	0.876	41.37	1197	
